Kernel_Name,Arrive_Period,Unroll_Factor,Vector_Factor,fastest_execution_duration,slowest_execution_duration,Average_Execution_duration,fastest_waiting_duration,slowest_waiting_duration,Average_Waiting_duration,Total_Execution_duration,Total_Waiting_duration,Execution_duration Ratio,Waiting_duration Ratio,Overall_Case_Latency,CGRA Utilization,Total_Execution_duration Ratio,Total_Waiting_duration Ratio,Total_Latency Ratio
fir.cpp,12288,1,16,2048,2048,2048.0,5824512,6937600,6413641.2862745095,522240,1635478528,0.00031921745405928806,0.9996807825459407,60009472,0.18509884908622215,0.008702626145419176,27.25367302015255,27.262375646297972
latnrm.c,7680,1,1,2560,2560,2560.0,5818368,6650880,6122102.153846154,532480,1273397248,0.00041798223897009177,0.99958201776103,60009472,0.18509884908622215,0.008873265873760729,21.219937545859427,21.228810811733187
fft.c,1351680,1,16,168960,168960,168960.0,5505024,21279744,14990159.448275862,4899840,434714624,0.011145766122927203,0.9888542338770728,60009472,0.18509884908622215,0.08165111001143287,7.244100131392591,7.325751241404023
dtw.cpp,147456,1,16,24576,24576,24576.0,5805056,21828608,15403034.450184502,6660096,4174222336,0.0015929881091667109,0.9984070118908333,60009472,0.18509884908622215,0.11098407931334574,69.55939115744928,69.67037523676262
spmv.c,393216,1,1,131072,131072,131072.0,5673984,21697536,15359138.217821782,13238272,1551272960,0.008461602402864692,0.9915383975971354,60009472,0.18509884908622215,0.22060304079995904,25.850468406054297,26.07107144685426
conv.c,3932160,4,1,1310720,1310720,1310720.0,4194304,20386816,13604147.2,13107200,136041472,0.08788009859048561,0.9121199014095144,60009472,0.18509884908622215,0.2184188522771872,2.266999982936027,2.4854188352132143
mvt.c,147456,4,1,12288,12288,12288.0,5829632,21853184,15427610.450184502,3330048,4180882432,0.0007958601567002639,0.9992041398432997,60009472,0.18509884908622215,0.05549203965667287,69.67037523676262,69.7258672764193
gemm.c,12582912,1,1,4194304,4194304,4194304.0,0,16491520,9216341.333333334,12582912,27649024,0.31275929649520223,0.6872407035047978,60009472,0.18509884908622215,0.20968209818609967,0.46074433049502583,0.6704264286811256
relu+histogram.c,24576,1,1,8192,8192,8192.0,5821440,15624192,9672656.637958532,5136384,6064755712,0.0008462068054529054,0.9991537931945471,60009472,0.18509884908622215,0.08559288773612272,101.06330733921472,101.14890022695084
